var,est
theta_1_1,2.464810496710915
RC,9.582452887910186
theta_3_0,0.3639225181598063
theta_3_1,0.3639225181598063
